{"time": 151, "number_of_agents": 100000, "exposed_days": 4, "asymptom_days": 7, "symptom_days": 7, "critical_days": 11, "probability_symptomatic": 0.38349999999999995, "no_hospital_multiplier": 1.79, "probability_critical": {"age_0_10": 0.001, "age_10_20": 0.003, "age_20_30": 0.012, "age_30_40": 0.032, "age_40_50": 0.049, "age_50_60": 0.102, "age_60_70": 0.166, "age_70_80": 0.244, "age_80_plus": 0.273}, "probability_to_die": {"age_0_10": 0.02090209, "age_10_20": 0.032569361, "age_20_30": 0.034233668, "age_30_40": 0.052638239, "age_40_50": 0.097470817, "age_50_60": 0.155112718, "age_60_70": 0.248512233, "age_70_80": 0.306164902, "age_80_plus": 0.371187541}, "health_system_capacity": 0.0009179, "stringency_index": [47.8, 48.0, 49.6, 51.6, 50.8, 49.8, 49.4, 49.0, 47.4, 46.6, 48.6, 53.2, 47.4, 46.6, 44.2, 46.6, 40.6, 44.4, 44.4, 39.8, 40.0, 38.2, 38.4, 39.6, 38.0, 42.0, 41.4, 40.8, 40.0, 40.2, 40.4, 38.6, 41.8, 40.8, 40.6, 38.8, 39.4, 39.2, 37.4, 40.8, 42.8, 40.2, 37.0, 38.4, 37.0, 32.599999999999994, 35.0, 29.400000000000006, 31.799999999999997, 30.400000000000006, 28.200000000000003, 31.0, 27.200000000000003, 30.200000000000003, 31.200000000000003, 31.200000000000003, 36.8, 35.400000000000006, 32.599999999999994, 28.400000000000006, 33.2, 29.400000000000006, 32.2, 28.0, 28.0, 30.599999999999994, 26.400000000000006, 35.2, 32.400000000000006, 30.799999999999997, 28.799999999999997, 27.799999999999997, 30.599999999999994, 33.0, 29.400000000000006, 31.599999999999994, 26.400000000000006, 24.799999999999997, 26.799999999999997, 25.599999999999994, 22.200000000000003, 29.200000000000003, 27.799999999999997, 27.799999999999997, 24.599999999999994, 33.400000000000006, 35.8, 29.400000000000006, 28.400000000000006, 37.6, 33.8, 28.0, 27.200000000000003, 27.400000000000006, 24.0, 25.599999999999994, 30.200000000000003, 30.400000000000006, 28.599999999999994, 28.200000000000003, 26.0, 20.0, 26.799999999999997, 30.0, 29.0, 26.400000000000006, 26.0, 24.200000000000003, 19.400000000000006, 19.799999999999997, 27.200000000000003, 29.799999999999997, 25.200000000000003, 25.400000000000006, 22.599999999999994, 20.0, 34.599999999999994, 30.400000000000006, 30.799999999999997, 29.200000000000003, 25.799999999999997, 25.400000000000006, 27.599999999999994, 29.799999999999997, 31.599999999999994, 28.599999999999994, 25.200000000000003, 28.200000000000003, 25.599999999999994, 19.799999999999997, 24.799999999999997, 28.599999999999994, 25.599999999999994, 23.200000000000003, 21.0, 27.400000000000006, 24.799999999999997, 23.200000000000003, 27.200000000000003, 23.599999999999994, 27.799999999999997, 20.200000000000003, 22.400000000000006, 23.400000000000006, 20.799999999999997, 22.0, 20.200000000000003, 21.200000000000003, 22.0, 23.200000000000003, 15.599999999999994], "total_initial_infections": 100, "probability_transmission": 0.01610378740708691, "probability_multiplier_asymptomatic": 0.25, "empirical_population": 3740000, "empirical_fatalities": [0.0, 0.0, 0.0, 0.0, 0.0, 0.0, 0.0, 0.0, 0.0, 0.0, 0.0, 0.0, 0.0, 0.0, 0.0, 0.0, 0.0, 0.0, 4.285714285714286, 4.285714285714286, 4.285714285714286, 4.285714285714286, 4.285714285714286, 4.285714285714286, 4.285714285714286, 4.819673786271063, 4.819673786271063, 4.819673786271063, 4.819673786271063, 4.819673786271063, 4.819673786271063, 4.819673786271063, 36.95662830190497, 36.95662830190497, 36.95662830190497, 36.95662830190497, 36.95662830190497, 36.95662830190497, 36.95662830190497, 43.57415173738965, 43.57415173738965, 43.57415173738965, 43.57415173738965, 43.57415173738965, 43.57415173738965, 43.57415173738965, 51.629986311776165, 51.629986311776165, 51.629986311776165, 51.629986311776165, 51.629986311776165, 51.629986311776165, 51.629986311776165, 66.06730970180185, 66.06730970180185, 66.06730970180185, 66.06730970180185, 66.06730970180185, 66.06730970180185, 66.06730970180185, 68.12364235152263, 68.12364235152263, 68.12364235152263, 68.12364235152263, 68.12364235152263, 68.12364235152263, 68.12364235152263, 60.065011359918294, 60.065011359918294, 60.065011359918294, 60.065011359918294, 60.065011359918294, 60.065011359918294, 60.065011359918294, 59.155508539285115, 59.155508539285115, 59.155508539285115, 59.155508539285115, 59.155508539285115, 59.155508539285115, 59.155508539285115, 56.92580106754383, 56.92580106754383, 56.92580106754383, 56.92580106754383, 56.92580106754383, 56.92580106754383, 56.92580106754383, 49.85105686450778, 49.85105686450778, 49.85105686450778, 49.85105686450778, 49.85105686450778, 49.85105686450778, 49.85105686450778, 38.80126183070787, 38.80126183070787, 38.80126183070787, 38.80126183070787, 38.80126183070787, 38.80126183070787, 38.80126183070787, 28.81519717821005, 28.81519717821005, 28.81519717821005, 28.81519717821005, 28.81519717821005, 28.81519717821005, 28.81519717821005, 32.626530678647335, 32.626530678647335, 32.626530678647335, 32.626530678647335, 32.626530678647335, 32.626530678647335, 32.626530678647335, 10.808947083818168, 10.808947083818168, 10.808947083818168, 10.808947083818168, 10.808947083818168, 10.808947083818168, 10.808947083818168, 22.063752358362176, 22.063752358362176, 22.063752358362176, 22.063752358362176, 22.063752358362176, 22.063752358362176, 22.063752358362176, 14.836656660980168, 14.836656660980168, 14.836656660980168, 14.836656660980168, 14.836656660980168, 14.836656660980168, 14.836656660980168, 10.017664950513515, 10.017664950513515, 10.017664950513515, 10.017664950513515, 10.017664950513515, 10.017664950513515, 10.017664950513515, 19.67087573259735, 19.67087573259735, 19.67087573259735, 19.67087573259735, 19.67087573259735, 19.67087573259735, 19.67087573259735], "visiting_recurring_contacts_multiplier": 0.0, "probability_susceptible": 1.4781966001478197e-05, "private_shock_stdev": 0.05, "weight_private_signal": 1.0, "time_4_new_infections": -1, "new_infections_scenario": "None", "informality_dummy": 1.0, "init_infected_agent": 0, "data_output": "csv-light", "learning_scenario": null}