{"time": 67, "number_of_agents": 100000, "exposed_days": 4, "asymptom_days": 7, "symptom_days": 7, "critical_days": 11, "probability_symptomatic": 0.38349999999999995, "no_hospital_multiplier": 1.79, "probability_critical": {"age_0_10": 0.001, "age_10_20": 0.003, "age_20_30": 0.012, "age_30_40": 0.032, "age_40_50": 0.049, "age_50_60": 0.102, "age_60_70": 0.166, "age_70_80": 0.244, "age_80_plus": 0.273}, "probability_to_die": {"age_0_10": 0.02090209, "age_10_20": 0.032569361, "age_20_30": 0.034233668, "age_30_40": 0.052638239, "age_40_50": 0.097470817, "age_50_60": 0.155112718, "age_60_70": 0.248512233, "age_70_80": 0.306164902, "age_80_plus": 0.371187541}, "health_system_capacity": 0.0009179, "stringency_index": [83.2, 77.8, 78.6, 79.2, 79.6, 76.0, 81.0, 80.0, 78.2, 76.8, 80.0, 79.0, 81.0, 82.0, 77.6, 75.8, 76.4, 78.6, 79.6, 81.4, 85.0, 80.2, 80.0, 80.8, 81.2, 79.6, 82.0, 86.6, 85.2, 81.8, 81.2, 81.4, 80.6, 76.6, 79.4, 73.2, 78.0, 78.0, 80.6, 83.0, 80.8, 82.4, 79.6, 78.0, 78.0, 78.2, 78.4, 80.0, 83.2, 76.8, 76.0, 75.4, 82.4, 83.6, 83.4, 87.6, 84.2, 81.4, 82.8, 84.4, 85.6, 82.8, 88.8, 83.8, 79.8, 80.8, 82.8], "total_initial_infections": 100, "probability_transmission": 0.01610378740708691, "probability_multiplier_asymptomatic": 0.25, "empirical_population": 3740000, "empirical_fatalities": [0.0, 0.0, 0.0, 0.0, 0.0, 0.0, 0.0, 0.0, 0.0, 0.0, 0.0, 0.0, 0.0, 0.0, 0.0, 0.0, 0.0, 0.0, 0.5668344944441515, 0.5668344944441515, 0.5668344944441515, 0.5668344944441515, 0.5668344944441515, 0.5668344944441515, 0.5668344944441515, 5.790672466505531, 5.790672466505531, 5.790672466505531, 5.790672466505531, 5.790672466505531, 5.790672466505531, 5.790672466505531, 11.401584695227209, 11.401584695227209, 11.401584695227209, 11.401584695227209, 11.401584695227209, 11.401584695227209, 11.401584695227209, 10.928548917227099, 10.928548917227099, 10.928548917227099, 10.928548917227099, 10.928548917227099, 10.928548917227099, 10.928548917227099, 11.017986409272664, 11.017986409272664, 11.017986409272664, 11.017986409272664, 11.017986409272664, 11.017986409272664, 11.017986409272664, 28.481690232374223, 28.481690232374223, 28.481690232374223, 28.481690232374223, 28.481690232374223, 28.481690232374223, 28.481690232374223, 35.55811813997199, 35.55811813997199, 35.55811813997199, 35.55811813997199, 35.55811813997199, 35.55811813997199, 35.55811813997199], "visiting_recurring_contacts_multiplier": 0, "probability_susceptible": 0.0, "private_shock_stdev": 0.05, "weight_private_signal": 1.0, "time_4_new_infections": -1, "new_infections_scenario": "None", "informality_dummy": 1.0, "init_infected_agent": 0, "data_output": "csv-light", "learning_scenario": null}