{"time": 109, "number_of_agents": 100000, "exposed_days": 4, "asymptom_days": 7, "symptom_days": 7, "critical_days": 11, "probability_symptomatic": 0.38349999999999995, "no_hospital_multiplier": 1.79, "probability_critical": {"age_0_10": 0.001, "age_10_20": 0.003, "age_20_30": 0.012, "age_30_40": 0.032, "age_40_50": 0.049, "age_50_60": 0.102, "age_60_70": 0.166, "age_70_80": 0.244, "age_80_plus": 0.273}, "probability_to_die": {"age_0_10": 0.02090209, "age_10_20": 0.032569361, "age_20_30": 0.034233668, "age_30_40": 0.052638239, "age_40_50": 0.097470817, "age_50_60": 0.155112718, "age_60_70": 0.248512233, "age_70_80": 0.306164902, "age_80_plus": 0.371187541}, "health_system_capacity": 0.0009179, "stringency_index": [20.0, 21.0, 19.0, 18.0, 22.400000000000006, 24.200000000000003, 23.599999999999994, 21.400000000000006, 20.400000000000006, 18.599999999999994, 15.0, 19.799999999999997, 20.0, 19.200000000000003, 18.799999999999997, 20.400000000000006, 18.0, 13.400000000000006, 14.799999999999997, 18.200000000000003, 18.799999999999997, 18.599999999999994, 19.400000000000006, 23.400000000000006, 20.599999999999994, 26.799999999999997, 22.0, 22.0, 19.400000000000006, 17.0, 19.200000000000003, 17.599999999999994, 20.400000000000006, 22.0, 22.0, 21.799999999999997, 21.599999999999994, 20.0, 16.799999999999997, 23.200000000000003, 24.0, 24.599999999999994, 17.599999999999994, 16.400000000000006, 16.599999999999994, 12.400000000000006, 15.799999999999997, 18.599999999999994, 17.200000000000003, 15.599999999999994, 14.400000000000006, 17.200000000000003, 11.200000000000003, 16.200000000000003, 20.200000000000003, 19.200000000000003, 17.200000000000003, 15.0, 17.799999999999997, 10.599999999999994, 11.799999999999997, 16.799999999999997, 11.799999999999997, 18.799999999999997, 13.400000000000006, 15.0, 7.400000000000006, 9.0, 12.400000000000006, 9.599999999999994, 8.400000000000006, 7.599999999999994, 40.8, 21.799999999999997, 15.799999999999997, 11.400000000000006, 21.0, 17.799999999999997, 17.0, 39.2, 21.0, 19.799999999999997, 21.599999999999994, 23.0, 20.200000000000003, 22.400000000000006, 27.0, 21.400000000000006, 26.200000000000003, 26.799999999999997, 28.0, 29.200000000000003, 31.0, 34.400000000000006, 30.200000000000003, 31.400000000000006, 33.0, 32.599999999999994, 31.400000000000006, 31.400000000000006, 30.799999999999997, 26.599999999999994, 29.799999999999997, 29.400000000000006, 28.799999999999997, 27.400000000000006, 26.0, 25.799999999999997, 19.799999999999997], "total_initial_infections": 100, "probability_transmission": 0.01610378740708691, "probability_multiplier_asymptomatic": 0.25, "empirical_population": 3740000, "empirical_fatalities": [0.0, 0.0, 0.0, 0.0, 0.0, 0.0, 0.0, 0.0, 0.0, 0.0, 0.0, 0.0, 0.0, 0.0, 0.0, 0.0, 0.0, 0.0, 2.02319704834721, 2.02319704834721, 2.02319704834721, 2.02319704834721, 2.02319704834721, 2.02319704834721, 2.02319704834721, 17.99213392513222, 17.99213392513222, 17.99213392513222, 17.99213392513222, 17.99213392513222, 17.99213392513222, 17.99213392513222, 10.85593107198203, 10.85593107198203, 10.85593107198203, 10.85593107198203, 10.85593107198203, 10.85593107198203, 10.85593107198203, 6.008124541982194, 6.008124541982194, 6.008124541982194, 6.008124541982194, 6.008124541982194, 6.008124541982194, 6.008124541982194, 20.623022369640417, 20.623022369640417, 20.623022369640417, 20.623022369640417, 20.623022369640417, 20.623022369640417, 20.623022369640417, 34.32796968242634, 34.32796968242634, 34.32796968242634, 34.32796968242634, 34.32796968242634, 34.32796968242634, 34.32796968242634, 68.1352062789793, 68.1352062789793, 68.1352062789793, 68.1352062789793, 68.1352062789793, 68.1352062789793, 68.1352062789793, 106.21706268299256, 106.21706268299256, 106.21706268299256, 106.21706268299256, 106.21706268299256, 106.21706268299256, 106.21706268299256, 139.80093836198338, 139.80093836198338, 139.80093836198338, 139.80093836198338, 139.80093836198338, 139.80093836198338, 139.80093836198338, 138.12049543783584, 138.12049543783584, 138.12049543783584, 138.12049543783584, 138.12049543783584, 138.12049543783584, 138.12049543783584, 127.6516534929002, 127.6516534929002, 127.6516534929002, 127.6516534929002, 127.6516534929002, 127.6516534929002, 127.6516534929002, 89.27648254335648, 89.27648254335648, 89.27648254335648, 89.27648254335648, 89.27648254335648, 89.27648254335648, 89.27648254335648, 79.16914882464059, 79.16914882464059, 79.16914882464059, 79.16914882464059, 79.16914882464059, 79.16914882464059, 79.16914882464059], "visiting_recurring_contacts_multiplier": 0.0, "probability_susceptible": 1.4781966001478197e-05, "private_shock_stdev": 0.05, "weight_private_signal": 1.0, "time_4_new_infections": -1, "new_infections_scenario": "None", "informality_dummy": 1.0, "init_infected_agent": 0, "data_output": "csv-light", "learning_scenario": null}