{"time": 151, "number_of_agents": 100000, "exposed_days": 4, "asymptom_days": 7, "symptom_days": 7, "critical_days": 11, "probability_symptomatic": 0.38349999999999995, "no_hospital_multiplier": 1.79, "probability_critical": {"age_0_10": 0.001, "age_10_20": 0.003, "age_20_30": 0.012, "age_30_40": 0.032, "age_40_50": 0.049, "age_50_60": 0.102, "age_60_70": 0.166, "age_70_80": 0.244, "age_80_plus": 0.273}, "probability_to_die": {"age_0_10": 0.02090209, "age_10_20": 0.032569361, "age_20_30": 0.034233668, "age_30_40": 0.052638239, "age_40_50": 0.097470817, "age_50_60": 0.155112718, "age_60_70": 0.248512233, "age_70_80": 0.306164902, "age_80_plus": 0.371187541}, "health_system_capacity": 0.0009179, "stringency_index": [44.6, 51.0, 51.8, 52.2, 52.0, 50.4, 48.4, 49.2, 50.2, 50.6, 51.0, 52.6, 53.4, 51.4, 46.8, 52.6, 53.4, 55.8, 55.8, 53.4, 59.4, 55.6, 60.2, 60.0, 61.8, 61.6, 60.4, 62.0, 58.0, 58.6, 59.2, 60.0, 59.8, 59.6, 61.4, 58.2, 59.2, 59.4, 61.2, 60.6, 60.8, 62.6, 59.2, 57.2, 59.8, 63.0, 61.6, 63.0, 67.4, 65.0, 70.6, 68.2, 69.6, 71.8, 69.0, 72.8, 69.8, 68.8, 68.8, 63.2, 64.6, 67.4, 71.6, 66.8, 70.6, 67.8, 72.0, 72.0, 69.4, 73.6, 64.8, 67.6, 69.2, 71.2, 72.2, 69.4, 67.0, 70.6, 68.4, 73.6, 75.2, 73.2, 74.4, 77.8, 70.8, 72.2, 72.2, 75.4, 66.6, 64.2, 70.6, 71.6, 62.4, 66.2, 72.0, 72.8, 72.6, 76.0, 74.4, 69.8, 69.6, 71.4, 71.8, 74.0, 80.0, 73.2, 70.0, 71.0, 73.6, 74.0, 75.8, 80.6, 80.2, 72.8, 70.2, 74.8, 74.6, 77.4, 80.0, 65.4, 69.6, 69.2, 70.8, 74.2, 74.6, 72.4, 70.2, 68.4, 71.4, 74.8, 71.8, 74.4, 80.2, 75.2, 71.4, 74.4, 76.8, 79.0, 72.6, 75.2, 76.8, 72.8, 76.4, 72.2, 79.8, 77.6, 76.6, 79.2, 78.0, 79.8, 78.8], "total_initial_infections": 1200, "probability_transmission": 0.458244361903344, "empirical_population": 3740000, "empirical_fatalities": [0.0, 0.0, 0.0, 0.0, 0.0, 0.0, 0.0, 0.0, 0.0, 0.0, 0.0, 0.0, 0.0, 0.0, 0.0, 0.0, 0.0, 0.0, 4.285714285714286, 4.285714285714286, 4.285714285714286, 4.285714285714286, 4.285714285714286, 4.285714285714286, 4.285714285714286, 17.477838220762514, 17.477838220762514, 17.477838220762514, 17.477838220762514, 17.477838220762514, 17.477838220762514, 17.477838220762514, 41.716606216009566, 41.716606216009566, 41.716606216009566, 41.716606216009566, 41.716606216009566, 41.716606216009566, 41.716606216009566, 43.717542439671, 43.717542439671, 43.717542439671, 43.717542439671, 43.717542439671, 43.717542439671, 43.717542439671, 55.82267386179948, 55.82267386179948, 55.82267386179948, 55.82267386179948, 55.82267386179948, 55.82267386179948, 55.82267386179948, 63.473137026539334, 63.473137026539334, 63.473137026539334, 63.473137026539334, 63.473137026539334, 63.473137026539334, 63.473137026539334, 60.37330019127918, 60.37330019127918, 60.37330019127918, 60.37330019127918, 60.37330019127918, 60.37330019127918, 60.37330019127918, 54.905949070304736, 54.905949070304736, 54.905949070304736, 54.905949070304736, 54.905949070304736, 54.905949070304736, 54.905949070304736, 54.437855092187455, 54.437855092187455, 54.437855092187455, 54.437855092187455, 54.437855092187455, 54.437855092187455, 54.437855092187455, 57.13093254264158, 57.13093254264158, 57.13093254264158, 57.13093254264158, 57.13093254264158, 57.13093254264158, 57.13093254264158, 39.074724278809995, 39.074724278809995, 39.074724278809995, 39.074724278809995, 39.074724278809995, 39.074724278809995, 39.074724278809995, 38.18565887212127, 38.18565887212127, 38.18565887212127, 38.18565887212127, 38.18565887212127, 38.18565887212127, 38.18565887212127, 29.483272866298915, 29.483272866298915, 29.483272866298915, 29.483272866298915, 29.483272866298915, 29.483272866298915, 29.483272866298915, 25.019781233660062, 25.019781233660062, 25.019781233660062, 25.019781233660062, 25.019781233660062, 25.019781233660062, 25.019781233660062, 13.652096457035498, 13.652096457035498, 13.652096457035498, 13.652096457035498, 13.652096457035498, 13.652096457035498, 13.652096457035498, 20.241200915826116, 20.241200915826116, 20.241200915826116, 20.241200915826116, 20.241200915826116, 20.241200915826116, 20.241200915826116, 10.02259737112189, 10.02259737112189, 10.02259737112189, 10.02259737112189, 10.02259737112189, 10.02259737112189, 10.02259737112189, 13.040462693473598, 13.040462693473598, 13.040462693473598, 13.040462693473598, 13.040462693473598, 13.040462693473598, 13.040462693473598, 10.922119469911966, 10.922119469911966, 10.922119469911966, 10.922119469911966, 10.922119469911966, 10.922119469911966, 10.922119469911966], "visiting_recurring_contacts_multiplier": 0, "probability_susceptible": 0.0, "private_shock_stdev": 0.05, "weight_private_signal": 1.0, "time_4_new_infections": -1, "new_infections_scenario": "None", "informality_dummy": 1.0, "init_infected_agent": 0, "data_output": "csv-light", "learning_scenario": null}